<bpy>
  <Theme>
    <user_interface>
      <ThemeUserInterface
        menu_shadow_fac="0.4"
        menu_shadow_width="4"
        icon_alpha="1"
        icon_saturation="0.5"
        widget_emboss="#00000026"
        editor_outline="#3b4252"
        widget_text_cursor="#3399e6"
        panel_roundness="0.5"
        transparent_checker_primary="#3b4252"
        transparent_checker_secondary="#2e3440"
        transparent_checker_size="4"
        axis_x="#bf616a"
        axis_y="#a3be8c"
        axis_z="#5e81ac"
        gizmo_hi="#ffffff"
        gizmo_primary="#f5f14d"
        gizmo_secondary="#63ffff"
        gizmo_view_align="#ffffff"
        gizmo_a="#4da84d"
        gizmo_b="#a33535"
        icon_scene="#e5e9f0ff"
        icon_collection="#eceff4ff"
        icon_object="#d08770ff"
        icon_object_data="#a3be8cff"
        icon_modifier="#88c0d0ff"
        icon_shading="#bf616aff"
        icon_folder="#ebcb8bff"
        icon_border_intensity="0"
        >
        <wcol_regular>
          <ThemeWidgetColors
            outline="#434c5e"
            inner="#434c5eff"
            inner_sel="#5e81acff"
            item="#2e3440ff"
            text="#eceff4"
            text_sel="#ffffff"
            show_shaded="FALSE"
            shadetop="0"
            shadedown="-5"
            roundness="0.5"
            >
          </ThemeWidgetColors>
        </wcol_regular>
        <wcol_tool>
          <ThemeWidgetColors
            outline="#434c5e"
            inner="#434c5eff"
            inner_sel="#5e81acff"
            item="#ffffffff"
            text="#eceff4"
            text_sel="#ffffff"
            show_shaded="FALSE"
            shadetop="0"
            shadedown="-5"
            roundness="0.5"
            >
          </ThemeWidgetColors>
        </wcol_tool>
        <wcol_toolbar_item>
          <ThemeWidgetColors
            outline="#3b4252"
            inner="#3b4252ff"
            inner_sel="#5e81acff"
            item="#e6e6e6cc"
            text="#eceff4"
            text_sel="#ffffff"
            show_shaded="FALSE"
            shadetop="0"
            shadedown="0"
            roundness="0.5"
            >
          </ThemeWidgetColors>
        </wcol_toolbar_item>
        <wcol_radio>
          <ThemeWidgetColors
            outline="#434c5e"
            inner="#434c5eff"
            inner_sel="#5e81acff"
            item="#ffffffff"
            text="#eceff4"
            text_sel="#ffffff"
            show_shaded="FALSE"
            shadetop="5"
            shadedown="-5"
            roundness="0.5"
            >
          </ThemeWidgetColors>
        </wcol_radio>
        <wcol_text>
          <ThemeWidgetColors
            outline="#434c5e"
            inner="#434c5eff"
            inner_sel="#5e81acff"
            item="#191919ff"
            text="#eceff4"
            text_sel="#ffffff"
            show_shaded="FALSE"
            shadetop="-3"
            shadedown="0"
            roundness="0.5"
            >
          </ThemeWidgetColors>
        </wcol_text>
        <wcol_option>
          <ThemeWidgetColors
            outline="#434c5e"
            inner="#434c5eff"
            inner_sel="#5e81acff"
            item="#ffffffff"
            text="#eceff4"
            text_sel="#ffffff"
            show_shaded="FALSE"
            shadetop="0"
            shadedown="-15"
            roundness="0.5"
            >
          </ThemeWidgetColors>
        </wcol_option>
        <wcol_toggle>
          <ThemeWidgetColors
            outline="#434c5e"
            inner="#434c5eff"
            inner_sel="#5e81acff"
            item="#191919ff"
            text="#eceff4"
            text_sel="#ffffff"
            show_shaded="FALSE"
            shadetop="0"
            shadedown="0"
            roundness="0.5"
            >
          </ThemeWidgetColors>
        </wcol_toggle>
        <wcol_num>
          <ThemeWidgetColors
            outline="#434c5e"
            inner="#434c5eff"
            inner_sel="#5e81acff"
            item="#191919ff"
            text="#eceff4"
            text_sel="#ffffff"
            show_shaded="FALSE"
            shadetop="0"
            shadedown="0"
            roundness="0.5"
            >
          </ThemeWidgetColors>
        </wcol_num>
        <wcol_numslider>
          <ThemeWidgetColors
            outline="#434c5e"
            inner="#434c5eff"
            inner_sel="#434c5eff"
            item="#5e81acff"
            text="#eceff4"
            text_sel="#ffffff"
            show_shaded="TRUE"
            shadetop="-4"
            shadedown="0"
            roundness="0.5"
            >
          </ThemeWidgetColors>
        </wcol_numslider>
        <wcol_box>
          <ThemeWidgetColors
            outline="#3b4252"
            inner="#3b4252ff"
            inner_sel="#5e81acff"
            item="#2e3440ff"
            text="#eceff4"
            text_sel="#ffffff"
            show_shaded="FALSE"
            shadetop="0"
            shadedown="0"
            roundness="0.5"
            >
          </ThemeWidgetColors>
        </wcol_box>
        <wcol_menu>
          <ThemeWidgetColors
            outline="#434c5e"
            inner="#434c5eff"
            inner_sel="#5e81acff"
            item="#d9d9d9ff"
            text="#eceff4"
            text_sel="#ffffff"
            show_shaded="FALSE"
            shadetop="10"
            shadedown="-10"
            roundness="0.5"
            >
          </ThemeWidgetColors>
        </wcol_menu>
        <wcol_pulldown>
          <ThemeWidgetColors
            outline="#434c5e"
            inner="#434c5eff"
            inner_sel="#5e81acff"
            item="#3b4252ff"
            text="#eceff4"
            text_sel="#ffffff"
            show_shaded="FALSE"
            shadetop="25"
            shadedown="-20"
            roundness="0.5"
            >
          </ThemeWidgetColors>
        </wcol_pulldown>
        <wcol_menu_back>
          <ThemeWidgetColors
            outline="#3b4252"
            inner="#3b4252ff"
            inner_sel="#5e81acff"
            item="#3b4252ff"
            text="#eceff4"
            text_sel="#ffffff"
            show_shaded="FALSE"
            shadetop="25"
            shadedown="-20"
            roundness="0.5"
            >
          </ThemeWidgetColors>
        </wcol_menu_back>
        <wcol_pie_menu>
          <ThemeWidgetColors
            outline="#3b4252"
            inner="#3b4252f0"
            inner_sel="#5e81accf"
            item="#88c0d0ff"
            text="#eceff4"
            text_sel="#ffffff"
            show_shaded="FALSE"
            shadetop="10"
            shadedown="-10"
            roundness="0.5"
            >
          </ThemeWidgetColors>
        </wcol_pie_menu>
        <wcol_tooltip>
          <ThemeWidgetColors
            outline="#2e3440"
            inner="#2e3440ff"
            inner_sel="#4c566aff"
            item="#19191aef"
            text="#eceff4"
            text_sel="#ffffff"
            show_shaded="FALSE"
            shadetop="25"
            shadedown="-20"
            roundness="0.5"
            >
          </ThemeWidgetColors>
        </wcol_tooltip>
        <wcol_menu_item>
          <ThemeWidgetColors
            outline="#434c5e"
            inner="#00000000"
            inner_sel="#5e81acff"
            item="#ffffff8f"
            text="#eceff4"
            text_sel="#ffffff"
            show_shaded="FALSE"
            shadetop="38"
            shadedown="0"
            roundness="0.5"
            >
          </ThemeWidgetColors>
        </wcol_menu_item>
        <wcol_scroll>
          <ThemeWidgetColors
            outline="#2e3440"
            inner="#2e344040"
            inner_sel="#2e344040"
            item="#4c566aff"
            text="#eceff4"
            text_sel="#ffffff"
            show_shaded="FALSE"
            shadetop="5"
            shadedown="-5"
            roundness="1"
            >
          </ThemeWidgetColors>
        </wcol_scroll>
        <wcol_progress>
          <ThemeWidgetColors
            outline="#3b4252"
            inner="#3b4252ff"
            inner_sel="#5e81acff"
            item="#5680c2ff"
            text="#eceff4"
            text_sel="#ffffff"
            show_shaded="FALSE"
            shadetop="0"
            shadedown="0"
            roundness="0.5"
            >
          </ThemeWidgetColors>
        </wcol_progress>
        <wcol_list_item>
          <ThemeWidgetColors
            outline="#434c5e"
            inner="#434c5eff"
            inner_sel="#5e81acff"
            item="#b3b3b3ff"
            text="#eceff4"
            text_sel="#ffffff"
            show_shaded="FALSE"
            shadetop="0"
            shadedown="0"
            roundness="0.5"
            >
          </ThemeWidgetColors>
        </wcol_list_item>
        <wcol_state>
          <ThemeWidgetStateColors
            inner_anim="#53992e"
            inner_anim_sel="#38a600"
            inner_key="#b3ae36"
            inner_key_sel="#b29700"
            inner_driven="#9000cc"
            inner_driven_sel="#9900e6"
            inner_overridden="#00c3c3"
            inner_overridden_sel="#118f8f"
            inner_changed="#cc7529"
            inner_changed_sel="#d26400"
            blend="0.5"
            >
          </ThemeWidgetStateColors>
        </wcol_state>
        <wcol_tab>
          <ThemeWidgetColors
            outline="#2e3440"
            inner="#3b4252ff"
            inner_sel="#5e81acff"
            item="#2d2d2dff"
            text="#eceff4"
            text_sel="#ffffff"
            show_shaded="FALSE"
            shadetop="0"
            shadedown="0"
            roundness="0.5"
            >
          </ThemeWidgetColors>
        </wcol_tab>
      </ThemeUserInterface>
    </user_interface>
    <view_3d>
      <ThemeView3D
        grid="#4c566a4d"
        clipping_border_3d="#313131ff"
        wire="#000000"
        wire_edit="#000000"
        gp_vertex="#000000"
        gp_vertex_select="#ff8500"
        gp_vertex_size="3"
        text_grease_pencil="#b5e61d"
        object_selected="#d08770"
        object_active="#d06746"
        text_keyframe="#ddd700"
        camera="#000000"
        empty="#000000"
        light="#00000050"
        speaker="#000000"
        vertex="#000000"
        vertex_select="#ff7a00"
        vertex_active="#000000"
        vertex_size="3"
        vertex_bevel="#00a5ff"
        vertex_unreferenced="#000000"
        edge_select="#ffa000"
        edge_seam="#db2512"
        edge_sharp="#00ffff"
        edge_crease="#cc0099"
        edge_bevel="#00a5ff"
        edge_facesel="#4b4b4b"
        freestyle_edge_mark="#7fff7f"
        face="#ffffff02"
        face_select="#ffa5522e"
        face_dot="#ff8a00"
        facedot_size="3"
        freestyle_face_mark="#7fff7f4d"
        face_back="#ff0000b3"
        face_front="#0000ffb3"
        nurb_uline="#909000"
        nurb_vline="#803060"
        nurb_sel_uline="#f0ff40"
        nurb_sel_vline="#f090a0"
        act_spline="#db2512"
        handle_free="#000000"
        handle_auto="#909000"
        handle_vect="#409030"
        handle_sel_vect="#40c030"
        handle_align="#803060"
        handle_sel_free="#000000"
        handle_sel_auto="#f0ff40"
        handle_sel_align="#f090a0"
        lastsel_point="#ffffff"
        extra_edge_len="#150806"
        extra_edge_angle="#4d4d00"
        extra_face_angle="#0000cc"
        extra_face_area="#004d00"
        editmesh_active="#ffffff33"
        normal="#22dddd"
        vertex_normal="#2361dd"
        split_normal="#dd23dd"
        bone_pose="#50c8ff"
        bone_pose_active="#8cffff"
        bone_solid="#b2b2b2"
        bone_locked_weight="#ff000080"
        bundle_solid="#c8c8c8"
        camera_path="#000000"
        skin_root="#b44d4d"
        view_overlay="#000000"
        transform="#ffffff"
        frame_current="#60c040"
        paint_curve_handle="#7fff7f7f"
        paint_curve_pivot="#ff7f7f7f"
        outline_width="1"
        object_origin_size="6"
        >
        <space>
          <ThemeSpaceGradient
            title="#eceff4"
            text="#e5e9f0"
            text_hi="#ffffff"
            header="#3b4252ff"
            header_text="#eeeeee"
            header_text_hi="#ffffff"
            button="#3b425200"
            button_title="#ffffff"
            button_text="#e5e5e5"
            button_text_hi="#ffffff"
            navigation_bar="#3b425200"
            execution_buts="#00000000"
            tab_active="#5e81ac"
            tab_inactive="#3b4252"
            tab_back="#2e3440ff"
            tab_outline="#2e3440"
            >
            <gradients>
              <ThemeGradientColors
                background_type="SINGLE_COLOR"
                high_gradient="#2e3440"
                gradient="#2e3440"
                >
              </ThemeGradientColors>
            </gradients>
            <panelcolors>
              <ThemePanelColors
                header="#434c5eff"
                back="#3b4252ff"
                sub_back="#0000003e"
                >
              </ThemePanelColors>
            </panelcolors>
          </ThemeSpaceGradient>
        </space>
      </ThemeView3D>
    </view_3d>
    <graph_editor>
      <ThemeGraphEditor
        grid="#4c566a"
        frame_current="#5680c2"
        time_scrub_background="#2e3440e6"
        time_marker_line="#00000060"
        time_marker_line_selected="#ffffff60"
        window_sliders="#969696"
        channels_region="#4c566a"
        dopesheet_channel="#0f2c4d"
        dopesheet_subchannel="#143e66"
        channel_group="#325217"
        active_channels_group="#368024"
        preview_range="#a14d0066"
        vertex="#000000"
        vertex_select="#ff8500"
        vertex_active="#ffffff"
        vertex_size="6"
        vertex_bevel="#000000"
        vertex_unreferenced="#000000"
        handle_free="#000000"
        handle_auto="#909000"
        handle_vect="#409030"
        handle_sel_vect="#40c030"
        handle_align="#803060"
        handle_sel_free="#000000"
        handle_sel_auto="#f0ff40"
        handle_sel_align="#f090a0"
        handle_auto_clamped="#994030"
        handle_sel_auto_clamped="#f0af90"
        lastsel_point="#ffffff"
        handle_vertex="#000000"
        handle_vertex_select="#ff8500"
        handle_vertex_size="5"
        >
        <space>
          <ThemeSpaceGeneric
            back="#2e3440"
            title="#ffffff"
            text="#a6a6a6"
            text_hi="#ffffff"
            header="#2e3440ff"
            header_text="#eeeeee"
            header_text_hi="#ffffff"
            button="#2e3440ff"
            button_title="#ffffff"
            button_text="#e5e5e5"
            button_text_hi="#ffffff"
            navigation_bar="#00000000"
            execution_buts="#00000000"
            tab_active="#5e81ac"
            tab_inactive="#2e3440"
            tab_back="#4c566aff"
            tab_outline="#4c566a"
            >
            <panelcolors>
              <ThemePanelColors
                header="#2e3440ff"
                back="#2e3440ff"
                sub_back="#2e3440ff"
                >
              </ThemePanelColors>
            </panelcolors>
          </ThemeSpaceGeneric>
        </space>
        <space_list>
          <ThemeSpaceListGeneric
            list="#2e3440"
            list_title="#ffffff"
            list_text="#b8b8b8"
            list_text_hi="#ffaf29"
            >
          </ThemeSpaceListGeneric>
        </space_list>
      </ThemeGraphEditor>
    </graph_editor>
    <file_browser>
      <ThemeFileBrowser
        selected_file="#4f76b3"
        row_alternate="#ffffff07"
        >
        <space>
          <ThemeSpaceGeneric
            back="#2e3440"
            title="#ffffff"
            text="#e6e6e6"
            text_hi="#ffffff"
            header="#2e3440ff"
            header_text="#eeeeee"
            header_text_hi="#ffffff"
            button="#2e3440ff"
            button_title="#ffffff"
            button_text="#e5e5e5"
            button_text_hi="#ffffff"
            navigation_bar="#00000000"
            execution_buts="#2e3440ff"
            tab_active="#3b4252"
            tab_inactive="#2e3440"
            tab_back="#2e3440ff"
            tab_outline="#2e3440"
            >
            <panelcolors>
              <ThemePanelColors
                header="#2e3440ff"
                back="#2e3440ff"
                sub_back="#0000003e"
                >
              </ThemePanelColors>
            </panelcolors>
          </ThemeSpaceGeneric>
        </space>
      </ThemeFileBrowser>
    </file_browser>
    <nla_editor>
      <ThemeNLAEditor
        grid="#3b4252"
        view_sliders="#969696"
        dopesheet_channel="#5e81ac"
        nla_track="#3b4252"
        active_action="#d0877066"
        active_action_unset="#9987614d"
        preview_range="#a14d0066"
        strips="#0c0a0a"
        strips_selected="#d08770"
        transition_strips="#1c2630"
        transition_strips_selected="#2e75db"
        meta_strips="#332642"
        meta_strips_selected="#692196"
        sound_strips="#2b3d3d"
        sound_strips_selected="#1f7a7a"
        tweak="#a3be8c"
        tweak_duplicate="#bf616a"
        keyframe_border="#000000ff"
        keyframe_border_selected="#000000ff"
        frame_current="#5e81ac"
        time_scrub_background="#3b4252e6"
        time_marker_line="#00000060"
        time_marker_line_selected="#ffffff60"
        >
        <space>
          <ThemeSpaceGeneric
            back="#2e3440"
            title="#ffffff"
            text="#dadada"
            text_hi="#ffffff"
            header="#3b4252ff"
            header_text="#eeeeee"
            header_text_hi="#ffffff"
            button="#2e3440ff"
            button_title="#ffffff"
            button_text="#e5e5e5"
            button_text_hi="#ffffff"
            navigation_bar="#00000000"
            execution_buts="#00000000"
            tab_active="#5e81ac"
            tab_inactive="#2e3440"
            tab_back="#2e3440ff"
            tab_outline="#2e3440"
            >
            <panelcolors>
              <ThemePanelColors
                header="#424242c4"
                back="#4b4b4b00"
                sub_back="#0000003e"
                >
              </ThemePanelColors>
            </panelcolors>
          </ThemeSpaceGeneric>
        </space>
        <space_list>
          <ThemeSpaceListGeneric
            list="#3b4252"
            list_title="#ffffff"
            list_text="#ffffff"
            list_text_hi="#ffe777"
            >
          </ThemeSpaceListGeneric>
        </space_list>
      </ThemeNLAEditor>
    </nla_editor>
    <dopesheet_editor>
      <ThemeDopeSheet
        grid="#4c566a"
        frame_current="#5e81ac"
        time_scrub_background="#2e3440ff"
        time_marker_line="#00000060"
        time_marker_line_selected="#ffffff60"
        value_sliders="#000000"
        view_sliders="#c0c0c0"
        dopesheet_channel="#0f2c4d24"
        dopesheet_subchannel="#143e6624"
        channels="#2e3440ff"
        channels_selected="#60c04044"
        channel_group="#2f5d1f44"
        active_channels_group="#36802455"
        long_key="#b6aa58ff"
        long_key_selected="#ebcb8bff"
        keyframe="#e8e8e8"
        keyframe_selected="#ebcb8b"
        keyframe_extreme="#e8b3cc"
        keyframe_extreme_selected="#f28080"
        keyframe_breakdown="#b3dbe8"
        keyframe_breakdown_selected="#54bfed"
        keyframe_jitter="#94e575"
        keyframe_jitter_selected="#61c042"
        keyframe_movehold="#5c5656"
        keyframe_movehold_selected="#ffaf23"
        keyframe_border="#000000ff"
        keyframe_border_selected="#000000ff"
        keyframe_scale_factor="1"
        summary="#bf616a66"
        preview_range="#d0877066"
        interpolation_line="#94e575cc"
        >
        <space>
          <ThemeSpaceGeneric
            back="#2e3440"
            title="#eeeeee"
            text="#a6a6a6"
            text_hi="#ffffff"
            header="#3b4252ff"
            header_text="#eeeeee"
            header_text_hi="#ffffff"
            button="#2e3440ff"
            button_title="#ffffff"
            button_text="#e5e5e5"
            button_text_hi="#ffffff"
            navigation_bar="#00000000"
            execution_buts="#00000000"
            tab_active="#5e81ac"
            tab_inactive="#2e3440"
            tab_back="#2e3440ff"
            tab_outline="#2e3440"
            >
            <panelcolors>
              <ThemePanelColors
                header="#2e3440ff"
                back="#2e3440ff"
                sub_back="#00000000"
                >
              </ThemePanelColors>
            </panelcolors>
          </ThemeSpaceGeneric>
        </space>
        <space_list>
          <ThemeSpaceListGeneric
            list="#2e3440"
            list_title="#ffffff"
            list_text="#b8b8b8"
            list_text_hi="#ebcb8b"
            >
          </ThemeSpaceListGeneric>
        </space_list>
      </ThemeDopeSheet>
    </dopesheet_editor>
    <image_editor>
      <ThemeImageEditor
        grid="#2e3440ff"
        vertex="#000000"
        vertex_select="#ff8500"
        vertex_active="#000000"
        vertex_size="3"
        vertex_bevel="#000000"
        vertex_unreferenced="#000000"
        face="#ffffff0a"
        face_select="#ff85003c"
        face_dot="#ff8500"
        facedot_size="3"
        freestyle_face_mark="#7fff7f33"
        face_back="#00000000"
        face_front="#00000000"
        editmesh_active="#ffffff40"
        wire_edit="#c0c0c0"
        edge_select="#ff8500"
        scope_back="#727272ff"
        preview_stitch_face="#7f7f0033"
        preview_stitch_edge="#ff00ff33"
        preview_stitch_vert="#0000ff33"
        preview_stitch_stitchable="#00ff00ff"
        preview_stitch_unstitchable="#ff0000ff"
        preview_stitch_active="#e1d2c323"
        uv_shadow="#707070ff"
        frame_current="#60c040"
        metadatabg="#000000"
        metadatatext="#ffffff"
        handle_free="#000000"
        handle_auto="#909000"
        handle_align="#803060"
        handle_sel_free="#000000"
        handle_sel_auto="#f0ff40"
        handle_sel_align="#f090a0"
        handle_auto_clamped="#000000"
        handle_sel_auto_clamped="#000000"
        handle_vertex="#000000"
        handle_vertex_select="#ffff00"
        handle_vertex_size="5"
        paint_curve_handle="#7fff7f7f"
        paint_curve_pivot="#ff7f7f7f"
        >
        <space>
          <ThemeSpaceGeneric
            back="#2e3440"
            title="#ffffff"
            text="#eceff4"
            text_hi="#ffffff"
            header="#3b4252ff"
            header_text="#eeeeee"
            header_text_hi="#ffffff"
            button="#35353500"
            button_title="#ffffff"
            button_text="#e5e5e5"
            button_text_hi="#ffffff"
            navigation_bar="#2e344000"
            execution_buts="#00000000"
            tab_active="#5e81ac"
            tab_inactive="#3b4252"
            tab_back="#2e3440ff"
            tab_outline="#2e3440"
            >
            <panelcolors>
              <ThemePanelColors
                header="#434c5eff"
                back="#3b4252b3"
                sub_back="#00000000"
                >
              </ThemePanelColors>
            </panelcolors>
          </ThemeSpaceGeneric>
        </space>
      </ThemeImageEditor>
    </image_editor>
    <sequence_editor>
      <ThemeSequenceEditor
        grid="#4c566a"
        window_sliders="#a0a0a0"
        movie_strip="#4d6890"
        movieclip_strip="#8f4c4c"
        image_strip="#8f744b"
        scene_strip="#828f50"
        audio_strip="#4c8f8f"
        effect_strip="#514a73"
        color_strip="#8f8f8f"
        meta_strip="#5b4d91"
        mask_strip="#666666"
        text_strip="#824c8f"
        active_strip="#d9d9d9"
        selected_strip="#ff8f0d"
        frame_current="#5680c2"
        time_scrub_background="#2e3440e6"
        time_marker_line="#00000060"
        time_marker_line_selected="#ffffff60"
        keyframe="#ff8500"
        draw_action="#50c8ff"
        preview_back="#2e3440"
        metadatabg="#000000"
        metadatatext="#ffffff"
        preview_range="#a14d0066"
        row_alternate="#ffffff0d"
        >
        <space>
          <ThemeSpaceGeneric
            back="#2e3440"
            title="#eeeeee"
            text="#a6a6a6"
            text_hi="#ffffff"
            header="#3b4252ff"
            header_text="#eeeeee"
            header_text_hi="#ffffff"
            button="#1f2531ff"
            button_title="#ffffff"
            button_text="#e5e5e5"
            button_text_hi="#ffffff"
            navigation_bar="#00000000"
            execution_buts="#00000000"
            tab_active="#5e81ac"
            tab_inactive="#3b4252"
            tab_back="#2e3440ff"
            tab_outline="#2e3440"
            >
            <panelcolors>
              <ThemePanelColors
                header="#434c5ecc"
                back="#3b4252b3"
                sub_back="#0000003e"
                >
              </ThemePanelColors>
            </panelcolors>
          </ThemeSpaceGeneric>
        </space>
      </ThemeSequenceEditor>
    </sequence_editor>
    <properties>
      <ThemeProperties
        match="#5680c2"
        active_modifier="#5680c2ff"
        >
        <space>
          <ThemeSpaceGeneric
            back="#2e3440"
            title="#eceff4"
            text="#e5e9f0"
            text_hi="#ffffff"
            header="#2e3440ff"
            header_text="#eceff4"
            header_text_hi="#ffffff"
            button="#2e3440ff"
            button_title="#ffffff"
            button_text="#e5e5e5"
            button_text_hi="#ffffff"
            navigation_bar="#2e3440ff"
            execution_buts="#00000000"
            tab_active="#4c566a"
            tab_inactive="#4c566a"
            tab_back="#4c566aff"
            tab_outline="#4c566a"
            >
            <panelcolors>
              <ThemePanelColors
                header="#3b4252ff"
                back="#4c566a00"
                sub_back="#00000024"
                >
              </ThemePanelColors>
            </panelcolors>
          </ThemeSpaceGeneric>
        </space>
      </ThemeProperties>
    </properties>
    <text_editor>
      <ThemeTextEditor
        line_numbers="#eceff4"
        line_numbers_background="#2e3440"
        selected_text="#4c566a"
        cursor="#ff0000"
        syntax_builtin="#bf616a"
        syntax_symbols="#d08770"
        syntax_special="#a3be8c"
        syntax_preprocessor="#b48ead"
        syntax_reserved="#c4753b"
        syntax_comment="#5e81ac"
        syntax_string="#ebcb8b"
        syntax_numbers="#88c0d0"
        >
        <space>
          <ThemeSpaceGeneric
            back="#2e3440"
            title="#eeeeee"
            text="#e6e6e6"
            text_hi="#ffffff"
            header="#2e3440ff"
            header_text="#eeeeee"
            header_text_hi="#ffffff"
            button="#2e3440ff"
            button_title="#ffffff"
            button_text="#e5e5e5"
            button_text_hi="#ffffff"
            navigation_bar="#00000000"
            execution_buts="#00000000"
            tab_active="#4b4b4b"
            tab_inactive="#2b2b2b"
            tab_back="#2e3440ff"
            tab_outline="#232323"
            >
            <panelcolors>
              <ThemePanelColors
                header="#2e3440ff"
                back="#2e3440ff"
                sub_back="#2e3440ff"
                >
              </ThemePanelColors>
            </panelcolors>
          </ThemeSpaceGeneric>
        </space>
      </ThemeTextEditor>
    </text_editor>
    <node_editor>
      <ThemeNodeEditor
        grid="#4c566a"
        node_selected="#d08770"
        node_active="#ffffff"
        wire="#d8dee9"
        wire_inner="#d8dee9"
        wire_select="#eceff4b3"
        selected_text="#7f7070"
        node_backdrop="#4c566aff"
        converter_node="#88c0d0"
        color_node="#ebcb8b"
        group_node="#a3be8cb9"
        group_socket_node="#1a1a1a"
        frame_node="#3b4252cc"
        matte_node="#975b5b"
        distor_node="#749797"
        noodle_curving="0"
        grid_levels="8"
        dash_alpha="0.5"
        input_node="#bf616a"
        output_node="#d08770"
        filter_node="#b48ead"
        vector_node="#b48ead"
        texture_node="#d08770"
        shader_node="#a3be8c"
        script_node="#084d4d"
        pattern_node="#6c696f"
        layout_node="#6c696f"
        geometry_node="#00d7a4"
        attribute_node="#5e81ac"
        >
        <space>
          <ThemeSpaceGeneric
            back="#2e3440"
            title="#eeeeee"
            text="#e6e6e6"
            text_hi="#ffffff"
            header="#2e3440ff"
            header_text="#eeeeee"
            header_text_hi="#ffffff"
            button="#2e3440bf"
            button_title="#ffffff"
            button_text="#e5e5e5"
            button_text_hi="#ffffff"
            navigation_bar="#00000000"
            execution_buts="#00000000"
            tab_active="#4c566a"
            tab_inactive="#2e3440"
            tab_back="#2e3440ff"
            tab_outline="#2e3440"
            >
            <panelcolors>
              <ThemePanelColors
                header="#2e3440cc"
                back="#3b4252cc"
                sub_back="#2e3440cc"
                >
              </ThemePanelColors>
            </panelcolors>
          </ThemeSpaceGeneric>
        </space>
        <space_list>
          <ThemeSpaceListGeneric
            list="#2e3440"
            list_title="#ffffff"
            list_text="#cccccc"
            list_text_hi="#ffffff"
            >
          </ThemeSpaceListGeneric>
        </space_list>
      </ThemeNodeEditor>
    </node_editor>
    <outliner>
      <ThemeOutliner
        match="#b48ead"
        selected_highlight="#5e81ac"
        active="#81a1c1"
        selected_object="#2e3440"
        active_object="#2e3440"
        edited_object="#a3be8c66"
        row_alternate="#3b4252ff"
        >
        <space>
          <ThemeSpaceGeneric
            back="#333945"
            title="#eceff4"
            text="#d8dee9"
            text_hi="#ffffff"
            header="#333945ff"
            header_text="#eeeeee"
            header_text_hi="#eceff4"
            button="#333945ff"
            button_title="#eceff4"
            button_text="#e5e5e5"
            button_text_hi="#eceff4"
            navigation_bar="#00000000"
            execution_buts="#00000000"
            tab_active="#4b4b4b"
            tab_inactive="#2b2b2b"
            tab_back="#333945ff"
            tab_outline="#333945"
            >
            <panelcolors>
              <ThemePanelColors
                header="#333945ff"
                back="#333945ff"
                sub_back="#0000003e"
                >
              </ThemePanelColors>
            </panelcolors>
          </ThemeSpaceGeneric>
        </space>
      </ThemeOutliner>
    </outliner>
    <info>
      <ThemeInfo
        info_selected="#3b5689"
        info_selected_text="#ffffff"
        info_error="#ff613dff"
        info_error_text="#ffffff"
        info_warning="#f5bc41ff"
        info_warning_text="#ffffff"
        info_info="#1d4383ff"
        info_info_text="#ffffff"
        info_debug="#d3d3d3ff"
        info_debug_text="#000000"
        info_property="#3ace87ff"
        info_property_text="#ffffff"
        info_operator="#3ace87ff"
        info_operator_text="#ffffff"
        >
        <space>
          <ThemeSpaceGeneric
            back="#2e3440"
            title="#ffffff"
            text="#c3c3c3"
            text_hi="#ffffff"
            header="#2e3440ff"
            header_text="#eeeeee"
            header_text_hi="#ffffff"
            button="#2e3440ff"
            button_title="#ffffff"
            button_text="#e5e5e5"
            button_text_hi="#ffffff"
            navigation_bar="#2e3440ff"
            execution_buts="#2e3440ff"
            tab_active="#4b4b4b"
            tab_inactive="#2b2b2b"
            tab_back="#232323ff"
            tab_outline="#232323"
            >
            <panelcolors>
              <ThemePanelColors
                header="#2e3440ff"
                back="#2e3440ff"
                sub_back="#2e3440ff"
                >
              </ThemePanelColors>
            </panelcolors>
          </ThemeSpaceGeneric>
        </space>
      </ThemeInfo>
    </info>
    <preferences>
      <ThemePreferences>
        <space>
          <ThemeSpaceGeneric
            back="#2e3440"
            title="#eceff4"
            text="#e5e9f0"
            text_hi="#eceff4"
            header="#2e3440ff"
            header_text="#e5e9f0"
            header_text_hi="#eceff4"
            button="#2e3440ff"
            button_title="#eceff4"
            button_text="#d8dee9"
            button_text_hi="#eceff4"
            navigation_bar="#2e3440ff"
            execution_buts="#2e3440ff"
            tab_active="#4c566a"
            tab_inactive="#2e3440"
            tab_back="#2e3440ff"
            tab_outline="#2e3440"
            >
            <panelcolors>
              <ThemePanelColors
                header="#2e3440ff"
                back="#2e3440ff"
                sub_back="#0000003e"
                >
              </ThemePanelColors>
            </panelcolors>
          </ThemeSpaceGeneric>
        </space>
      </ThemePreferences>
    </preferences>
    <console>
      <ThemeConsole
        line_output="#88c0d0"
        line_input="#f2f2f2"
        line_info="#95d600"
        line_error="#bf616a"
        cursor="#ff0000"
        select="#ffffff30"
        >
        <space>
          <ThemeSpaceGeneric
            back="#2e3440"
            title="#eeeeee"
            text="#e6e6e6"
            text_hi="#ffffff"
            header="#2e3440ff"
            header_text="#eeeeee"
            header_text_hi="#ffffff"
            button="#2e3440ff"
            button_title="#ffffff"
            button_text="#e5e5e5"
            button_text_hi="#ffffff"
            navigation_bar="#00000000"
            execution_buts="#00000000"
            tab_active="#5e81ac"
            tab_inactive="#2e3440"
            tab_back="#2e3440ff"
            tab_outline="#2e3440"
            >
            <panelcolors>
              <ThemePanelColors
                header="#2e3440ff"
                back="#2e3440ff"
                sub_back="#0000003e"
                >
              </ThemePanelColors>
            </panelcolors>
          </ThemeSpaceGeneric>
        </space>
      </ThemeConsole>
    </console>
    <clip_editor>
      <ThemeClipEditor
        grid="#3b4252ff"
        marker_outline="#000000"
        marker="#7f7f00"
        active_marker="#ffffff"
        selected_marker="#ffff00"
        disabled_marker="#7f0000"
        locked_marker="#7f7f7f"
        path_before="#ff0000"
        path_after="#0000ff"
        path_keyframe_before="#ffc4c4"
        path_keyframe_after="#c4c4ff"
        frame_current="#5680c2"
        time_scrub_background="#2e3440e6"
        time_marker_line="#00000060"
        time_marker_line_selected="#ffffff60"
        strips="#0c0a0a"
        strips_selected="#ff8c00"
        metadatabg="#000000"
        metadatatext="#ffffff"
        handle_free="#000000"
        handle_auto="#909000"
        handle_align="#803060"
        handle_sel_free="#000000"
        handle_sel_auto="#f0ff40"
        handle_sel_align="#f090a0"
        handle_auto_clamped="#000000"
        handle_sel_auto_clamped="#000000"
        handle_vertex="#000000"
        handle_vertex_select="#ffff00"
        handle_vertex_size="5"
        >
        <space>
          <ThemeSpaceGeneric
            back="#2e3440"
            title="#eceff4"
            text="#a6a6a6"
            text_hi="#ffffff"
            header="#3b4252ff"
            header_text="#eeeeee"
            header_text_hi="#ffffff"
            button="#2e3440ff"
            button_title="#ffffff"
            button_text="#e5e5e5"
            button_text_hi="#ffffff"
            navigation_bar="#2e344000"
            execution_buts="#2e344000"
            tab_active="#5e81ac"
            tab_inactive="#434c5e"
            tab_back="#3b4252ff"
            tab_outline="#3b4252"
            >
            <panelcolors>
              <ThemePanelColors
                header="#434c5eff"
                back="#3b425200"
                sub_back="#0000003e"
                >
              </ThemePanelColors>
            </panelcolors>
          </ThemeSpaceGeneric>
        </space>
        <space_list>
          <ThemeSpaceListGeneric
            list="#2e3440"
            list_title="#eceff4"
            list_text="#eceff4"
            list_text_hi="#ffffff"
            >
          </ThemeSpaceListGeneric>
        </space_list>
      </ThemeClipEditor>
    </clip_editor>
    <topbar>
      <ThemeTopBar>
        <space>
          <ThemeSpaceGeneric
            back="#2e3440"
            title="#eceff4"
            text="#e5e9f0"
            text_hi="#576890"
            header="#2e3440ff"
            header_text="#eeeeee"
            header_text_hi="#ffffff"
            button="#2e3440ff"
            button_title="#ffffff"
            button_text="#e5e5e5"
            button_text_hi="#ffffff"
            navigation_bar="#2e3440ff"
            execution_buts="#2e3440ff"
            tab_active="#5e81ac"
            tab_inactive="#3b4252"
            tab_back="#2e3440ff"
            tab_outline="#2e3440"
            >
            <panelcolors>
              <ThemePanelColors
                header="#2e3440cc"
                back="#2e3440b3"
                sub_back="#0000003e"
                >
              </ThemePanelColors>
            </panelcolors>
          </ThemeSpaceGeneric>
        </space>
      </ThemeTopBar>
    </topbar>
    <statusbar>
      <ThemeStatusBar>
        <space>
          <ThemeSpaceGeneric
            back="#2e3440"
            title="#eceff4"
            text="#eceff4"
            text_hi="#ffffff"
            header="#2e3440ff"
            header_text="#eceff4"
            header_text_hi="#ffffff"
            button="#2e3440ff"
            button_title="#000000"
            button_text="#000000"
            button_text_hi="#ffffff"
            navigation_bar="#00000000"
            execution_buts="#00000000"
            tab_active="#4b4b4b"
            tab_inactive="#2b2b2b"
            tab_back="#232323ff"
            tab_outline="#232323"
            >
            <panelcolors>
              <ThemePanelColors
                header="#2e3440ff"
                back="#2e3440ff"
                sub_back="#2e3440ff"
                >
              </ThemePanelColors>
            </panelcolors>
          </ThemeSpaceGeneric>
        </space>
      </ThemeStatusBar>
    </statusbar>
    <spreadsheet>
      <ThemeSpreadsheet
        row_alternate="#ffffff07"
        >
        <space>
          <ThemeSpaceGeneric
            back="#2e3440"
            title="#eceff4"
            text="#eceff4"
            text_hi="#5e81ac"
            header="#2e3440ff"
            header_text="#eceff4"
            header_text_hi="#ffffff"
            button="#2e3440ff"
            button_title="#eceff4"
            button_text="#e5e5e5"
            button_text_hi="#5e81ac"
            navigation_bar="#00000000"
            execution_buts="#00000000"
            tab_active="#5e81ac"
            tab_inactive="#2e3440"
            tab_back="#2e3440ff"
            tab_outline="#2e3440"
            >
            <panelcolors>
              <ThemePanelColors
                header="#2e3440ff"
                back="#2e3440ff"
                sub_back="#2e3440ff"
                >
              </ThemePanelColors>
            </panelcolors>
          </ThemeSpaceGeneric>
        </space>
        <space_list>
          <ThemeSpaceListGeneric
            list="#2e3440"
            list_title="#c3c3c3"
            list_text="#b8b8b8"
            list_text_hi="#ffaf23"
            >
          </ThemeSpaceListGeneric>
        </space_list>
      </ThemeSpreadsheet>
    </spreadsheet>
    <bone_color_sets>
      <ThemeBoneColorSet
        normal="#9a0000"
        select="#bd1111"
        active="#f70a0a"
        show_colored_constraints="FALSE"
        >
      </ThemeBoneColorSet>
      <ThemeBoneColorSet
        normal="#f74018"
        select="#f66913"
        active="#fa9900"
        show_colored_constraints="FALSE"
        >
      </ThemeBoneColorSet>
      <ThemeBoneColorSet
        normal="#1e9109"
        select="#59b70b"
        active="#83ef1d"
        show_colored_constraints="FALSE"
        >
      </ThemeBoneColorSet>
      <ThemeBoneColorSet
        normal="#0a3694"
        select="#3667df"
        active="#5ec1ef"
        show_colored_constraints="FALSE"
        >
      </ThemeBoneColorSet>
      <ThemeBoneColorSet
        normal="#a9294e"
        select="#c1416a"
        active="#f05d91"
        show_colored_constraints="FALSE"
        >
      </ThemeBoneColorSet>
      <ThemeBoneColorSet
        normal="#430c78"
        select="#543aa3"
        active="#8764d5"
        show_colored_constraints="FALSE"
        >
      </ThemeBoneColorSet>
      <ThemeBoneColorSet
        normal="#24785a"
        select="#3c9579"
        active="#6fb6ab"
        show_colored_constraints="FALSE"
        >
      </ThemeBoneColorSet>
      <ThemeBoneColorSet
        normal="#4b707c"
        select="#6a8691"
        active="#9bc2cd"
        show_colored_constraints="FALSE"
        >
      </ThemeBoneColorSet>
      <ThemeBoneColorSet
        normal="#f4c90c"
        select="#eec236"
        active="#f3ff00"
        show_colored_constraints="FALSE"
        >
      </ThemeBoneColorSet>
      <ThemeBoneColorSet
        normal="#1e2024"
        select="#484c56"
        active="#ffffff"
        show_colored_constraints="FALSE"
        >
      </ThemeBoneColorSet>
      <ThemeBoneColorSet
        normal="#6f2f6a"
        select="#9845be"
        active="#d330d6"
        show_colored_constraints="FALSE"
        >
      </ThemeBoneColorSet>
      <ThemeBoneColorSet
        normal="#6c8e22"
        select="#7fb022"
        active="#bbef5b"
        show_colored_constraints="FALSE"
        >
      </ThemeBoneColorSet>
      <ThemeBoneColorSet
        normal="#8d8d8d"
        select="#b0b0b0"
        active="#dedede"
        show_colored_constraints="FALSE"
        >
      </ThemeBoneColorSet>
      <ThemeBoneColorSet
        normal="#834326"
        select="#8b5811"
        active="#bd6a11"
        show_colored_constraints="FALSE"
        >
      </ThemeBoneColorSet>
      <ThemeBoneColorSet
        normal="#08310e"
        select="#1c430b"
        active="#34622b"
        show_colored_constraints="FALSE"
        >
      </ThemeBoneColorSet>
      <ThemeBoneColorSet
        normal="#000000"
        select="#000000"
        active="#000000"
        show_colored_constraints="FALSE"
        >
      </ThemeBoneColorSet>
      <ThemeBoneColorSet
        normal="#000000"
        select="#000000"
        active="#000000"
        show_colored_constraints="FALSE"
        >
      </ThemeBoneColorSet>
      <ThemeBoneColorSet
        normal="#000000"
        select="#000000"
        active="#000000"
        show_colored_constraints="FALSE"
        >
      </ThemeBoneColorSet>
      <ThemeBoneColorSet
        normal="#000000"
        select="#000000"
        active="#000000"
        show_colored_constraints="FALSE"
        >
      </ThemeBoneColorSet>
      <ThemeBoneColorSet
        normal="#000000"
        select="#000000"
        active="#000000"
        show_colored_constraints="FALSE"
        >
      </ThemeBoneColorSet>
    </bone_color_sets>
    <collection_color>
      <ThemeCollectionColor
        color="#bf616a"
        >
      </ThemeCollectionColor>
      <ThemeCollectionColor
        color="#d08770"
        >
      </ThemeCollectionColor>
      <ThemeCollectionColor
        color="#ebcb8b"
        >
      </ThemeCollectionColor>
      <ThemeCollectionColor
        color="#a3be8c"
        >
      </ThemeCollectionColor>
      <ThemeCollectionColor
        color="#81a1c1"
        >
      </ThemeCollectionColor>
      <ThemeCollectionColor
        color="#b48ead"
        >
      </ThemeCollectionColor>
      <ThemeCollectionColor
        color="#c671b8"
        >
      </ThemeCollectionColor>
      <ThemeCollectionColor
        color="#7a6053"
        >
      </ThemeCollectionColor>
    </collection_color>
    <strip_color>
      <ThemeStripColor
        color="#e2605b"
        >
      </ThemeStripColor>
      <ThemeStripColor
        color="#f1a355"
        >
      </ThemeStripColor>
      <ThemeStripColor
        color="#f1dc55"
        >
      </ThemeStripColor>
      <ThemeStripColor
        color="#7bcc7b"
        >
      </ThemeStripColor>
      <ThemeStripColor
        color="#5db6ea"
        >
      </ThemeStripColor>
      <ThemeStripColor
        color="#8d59da"
        >
      </ThemeStripColor>
      <ThemeStripColor
        color="#c673b8"
        >
      </ThemeStripColor>
      <ThemeStripColor
        color="#7a5441"
        >
      </ThemeStripColor>
      <ThemeStripColor
        color="#5f5f5f"
        >
      </ThemeStripColor>
    </strip_color>
  </Theme>
  <ThemeStyle>
    <panel_title>
      <ThemeFontStyle
        points="12"
        shadow="3"
        shadow_offset_x="0"
        shadow_offset_y="-1"
        shadow_alpha="0.5"
        shadow_value="0"
        >
      </ThemeFontStyle>
    </panel_title>
    <widget_label>
      <ThemeFontStyle
        points="11"
        shadow="3"
        shadow_offset_x="0"
        shadow_offset_y="-1"
        shadow_alpha="0.5"
        shadow_value="0"
        >
      </ThemeFontStyle>
    </widget_label>
    <widget>
      <ThemeFontStyle
        points="11"
        shadow="1"
        shadow_offset_x="0"
        shadow_offset_y="-1"
        shadow_alpha="0.5"
        shadow_value="0"
        >
      </ThemeFontStyle>
    </widget>
  </ThemeStyle>
</bpy>
